[
    {
        "firstName": "John",
        "lastName": "Doe",
        "phone": "+1-202-555-0101",
        "email": "john.doe@example.com",
        "description": "Software Engineer at Tech Corp."
    },
    {
        "firstName": "Jane",
        "lastName": "Smith",
        "phone": "+1-202-555-0102",
        "email": "jane.smith@example.com",
        "description": "Project Manager with a focus on IT projects."
    },
    {
        "firstName": "Michael",
        "lastName": "Johnson",
        "phone": "+1-202-555-0103",
        "email": "michael.johnson@example.com",
        "description": "UI/UX Designer at Creative Studio."
    },
    {
        "firstName": "Emily",
        "lastName": "Davis",
        "phone": "+1-202-555-0104",
        "email": "emily.davis@example.com",
        "description": "Data Analyst with expertise in big data."
    },
    {
        "firstName": "David",
        "lastName": "Wilson",
        "phone": "+1-202-555-0105",
        "email": "david.wilson@example.com",
        "description": "DevOps Engineer at Cloud Solutions."
    },
    {
        "firstName": "Sarah",
        "lastName": "Brown",
        "phone": "+1-202-555-0106",
        "email": "sarah.brown@example.com",
        "description": "Content Writer and Marketing Specialist."
    },
    {
        "firstName": "James",
        "lastName": "Williams",
        "phone": "+1-202-555-0107",
        "email": "james.williams@example.com",
        "description": "Cybersecurity Expert with 10 years of experience."
    },
    {
        "firstName": "Olivia",
        "lastName": "Jones",
        "phone": "+1-202-555-0108",
        "email": "olivia.jones@example.com",
        "description": "HR Manager specializing in IT recruitment."
    },
    {
        "firstName": "Robert",
        "lastName": "Miller",
        "phone": "+1-202-555-0109",
        "email": "robert.miller@example.com",
        "description": "Full-Stack Developer working with JavaScript and Python."
    },
    {
        "firstName": "Sophia",
        "lastName": "Anderson",
        "phone": "+1-202-555-0110",
        "email": "sophia.anderson@example.com",
        "description": "Business Analyst focusing on process optimization."
    }
]